minlng,maxlng,minlat,maxlat
-93.3303753775222,-93.1930625073825,44.8896883413448,45.0521464662874
